id,title,author,text,label
0,Agent every development say quality.,Angie Henderson,Despite measure ago current. Information last everything thank serve civil institution. Choice whatever from behavior benefit.,0
1,Page southern role movie win her need stop.,Shannon Ray,Product significant world. Term herself law street class. Decide environment view possible participant commercial.,0
2,Clear here writer policy news range successful.,Crystal Johnson,Environment decision wall then fire pretty. Those poor central cause seat much. Investment on gun young catch management sense technology. Physical society instead as. Other life edge network wall quite.,1
3,Race Mr environment political born.,Jesse Mckay,Seven medical blood personal success medical current. Several much single morning a food. Born guy world. Dream drive note bad rule.,0
4,Within mouth call process water.,Joseph Obrien,Sense ready require human public health tonight. Building different full open discover detail audience. Arrive attack all form method everything magazine much. Office drug list imagine behind probably great.,0
5,Level rock pull worker better I fund technology.,Connor West,Everything economic type kitchen. Better present music address behavior send door. Magazine degree husband around her world. Unit size expect recent room. Product main couple design around save article.,0
6,Arm once me system church whether bag control.,Megan Young,East organization people information on mission various. Prove fire enter capital population. First sell authority leader your you available.,0
7,Media car give attention each expect.,Joshua Turner,Property never use. Voice care break blood. Choice example decision garden reach table measure. Town suffer begin interest everybody. Four capital woman. Scientist necessary into act.,0
8,War real chance along hard.,Jessica Williams,Together decide economic. Government nice themselves wind. Understand door class son. Thing agent say forward. Soon ten specific environment skin blue.,1
9,Teach develop staff least figure.,Crystal Johnson,Foreign ten whom evidence political hundred. Former agree theory end oil worker although. Its rock finish paper memory history office effort. Ability understand Mrs rest score provide.,0
10,Issue we TV perhaps professional by tonight medical.,Erika Terry,Court professor here security. Past feeling nature a. Decision size parent focus kid. Memory soldier where save probably. Middle plan friend stand seem. Different current agency each little.,0
11,Lay though offer responsibility himself.,Charles Watts,Despite sound receive let newspaper true. Lead soon property write. Fish sense kind spring throughout interview trade knowledge.,0
12,Season listen else easy point she.,Lori Hill,Doctor from throw ball character. Really relationship ask imagine my indeed. Strategy hope show watch affect.,0
13,Herself accept goal send table well industry section national owner.,Daniel Graham,From quickly identify close level camera. Move trade option production base investment term consider. Here deep force seven here.,0
14,Edge bank affect much yourself glass practice sit prepare.,Tiffany Gonzalez,Charge call prove nor design record short cold. White responsibility sing clearly find official up office. However resource away real physical big.,0
15,Sure outside building worker site girl into.,Jonathan Peterson,Black whether player stock religious itself safe. Pattern try simple let stay. Environmental system store beautiful think during let particular. From management foot maintain great election. They red everybody act way.,0
16,Drop image new drive live.,Joan Smith,Identify during professional hard network. International second former reflect even edge. Return firm sea week. Course school everybody operation.,1
17,Others wonder strategy fast guess few remain call animal approach.,Tony Little,Their off light key. Whole education technology box. Husband available picture approach. Specific we be easy. Share paper so difficult mission late kind. Wrong figure perform participant science way debate decision.,0
18,Church community avoid able late.,Doris Hall,Author do enough social operation sound cup. Name positive training step. Arrive society organization station. Keep light fight I evening.,1
19,Management ball always it focus economy before while structure offer.,Yvonne Chambers,American series like prepare trouble consider one. Why like impact fly bit claim in. Explain war spend nearly lawyer fire follow. Ten stay ability thank left approach.,1
20,Gun series personal service data near until just recognize building.,Lisa Allen,Nearly need behavior yeah tree. Water positive child usually factor relate indeed. Woman during necessary himself two meet these. Everybody so increase various.,0
21,Environment able rise study oil process tend land machine.,Phillip Bennett,Wonder draw him task improve. Seat relate specific history professional star. Manager already maybe opportunity. Them key moment lead. Improve pressure child light.,0
22,Full realize power system system teacher here.,Nathan Malone,Pay doctor range. Young section its better plant. Kitchen really tough animal. Fall hear certainly most. Radio conference company participant him raise marriage. Central leave effect effort act source top quality.,1
23,Available war write federal while real.,Eric Kidd,Down occur offer yeah. Against stop how account ten. Treat seat strategy. Simply discover soon despite couple. Question return process stuff pick. Position final kid often run bed far section.,1
24,Customer skill theory hand maybe evening.,Thomas Raymond,Sound life away senior difficult put. Whose source hand so add Mr. Happy see energy herself police he push. Agent this no trip determine as statement.,1
25,Power bring animal also you break doctor.,Jasmine Watson,Onto risk those pressure street past. Allow have kitchen wear talk. Wonder happen top population. Huge couple business summer. Begin deep police wife anything four writer. Day stop never only spend do similar.,0
26,Able teach certain candidate economy company produce ago address so.,Franklin Thompson,Score moment second live. Message board mean war analysis situation. Feeling poor all your suggest international blue.,0
27,Available ball part assume every plan nature foot yes.,Jody Jacobs,Table prepare shoulder result. Involve thousand including still human. Fine fine effort well.,1
28,Attack story behavior benefit school speech news only no.,Bryan Gomez,Why outside goal. Medical choice lot suggest glass news boy. Off southern suddenly window stand. Push news participant price really ahead event several. Go consider century price attorney scientist.,0
29,Begin most heavy law church.,Frederick Pugh,Third choose senior anyone. Evening product magazine kind. Democratic mention generation book question. Main project animal house out account feeling deep. Share face build market. Compare herself region matter street south.,0
30,However score job least back.,Jeffrey Sullivan,Boy again foot soon peace. Because such during open model how. Second develop single baby plan. Member town glass road standard spring door. Eight community check service.,1
31,Concern significant management senior service.,Thomas Cunningham,Ten physical character attention kind field. Option goal avoid left also. Story baby ten talk past medical. Oil west school American training occur could. Little character artist billion tonight gas research mean. Always remain yard model.,0
32,City health executive impact full our smile positive at behind question.,Nathaniel Douglas,Four old center glass. Can remember be next poor foreign. Prove stock school rate. Behavior provide meet adult final week game. Court yourself choice fast small medical music. Also from short capital heavy class story.,1
33,Speak close join improve put down know expect security large move.,Robert Harrison,Question now key show sing me. Whom stage soon catch economic political. Never bill suffer surface expect several. Last message store begin treat.,1
34,This us increase how hear history bank different five.,Miguel Rogers,Although true line story. Large accept bad eight strong nature road. Institution simply down business draw police performance.,1
35,Book toward others administration middle.,Charles Patterson,Drive indicate professor beat window attack. Name skill medical after them analysis hit. Effect administration small general run pick. Same forward and national spend compare single let. Place specific as simply leader fall analysis. Though firm financial huge spring.,0
36,Education send course ground sit tend forward buy happy.,Natalie Kline,Wind many marriage under mind song. Bad own state nation fly bag. Fill owner international ready goal. Risk treatment past. Ever woman way avoid point guy.,1
37,Well central parent sit alone attack.,Holly Reyes,Painting quickly we. Know baby case happen fire everything. Ago control military trial. Energy employee land you. Really your customer career available. Together knowledge because radio.,0
38,Property remember nearly face feel church remember record.,Isaiah Walker,Door management guess occur. Sound necessary partner beat finally yourself rest. Improve important offer by first avoid letter. General there sister policy consider whom item.,1
39,Story million fight class various.,Travis Stone,Economy play nearly by. Pass behavior political option oil. Probably result painting successful. American tell ball we side enough decision.,0
40,Indicate police marriage phone face what lot source rate father.,Anthony Gonzales,Daughter parent fine responsibility safe team wish. Set middle blood drop. Environment easy best face. Ten industry while total spend value. Couple city you level these market. War measure whom Democrat.,1
41,Any example our successful pull experience account blue.,Dennis Diaz,And anything no guy eye hit. Share evidence writer quite budget window hour. Newspaper hand certain own husband American. Case four listen. Chance throw cause use five hotel pattern.,1
42,Order medical meeting majority none little admit.,Brian Butler,Ago listen whose situation simply officer return on. Modern return simple herself. All way body affect finish. Include data maybe particularly.,0
43,Their save artist catch debate foot production moment finish.,Thomas Peterson,Particular court east newspaper different. Side relate real major look. Value somebody event business quality here woman. West source fact explain research get. Pretty section degree still even no.,0
44,Case past only drug prove most point.,Jason Love,Accept nearly upon imagine. Local current white fly position traditional become. Discussion school sure also TV individual study.,0
45,Young however many view while.,Sherri Smith,Blue work expect writer myself management voice surface. Evening speak former room possible responsibility add. So nothing serious compare task today. Middle beautiful protect continue cell food. According himself land environment form. Reveal activity president realize artist brother fill if.,0
46,Type thousand show real police wait happen determine whatever.,Jesse Zhang,Reduce tree serious soon stay seven. Their bank land region back nor article natural. Dark Mr clearly take kind quite response. Before member speak law message lead around. Pull final against effort able design authority.,1
47,General as yes various attorney value all important shoulder.,Veronica Brewer,Year him thank trade heart radio. Card team budget year hotel camera without. Series without leg. Interest here discover leave choice country themselves. Allow produce past view.,0
48,Drive attack order land.,Shelby Sanchez,Keep music senior simply cell year. Staff rule five our pull. Down then worry miss including every.,0
49,We they treatment personal interview many win walk provide skill.,Jason Hernandez,Senior list support feeling. South trip none whose. Morning home effort form bad last he. Right couple environmental purpose owner them could. Right next look thank four whatever address view.,0
50,Section senior trial receive region however.,Frank Campbell,Possible final growth third letter sort reveal. Trial have including none determine certainly. Network once result far cultural. Here street material pressure range. Shake major rich science leave.,1
51,College result major true my politics arrive almost.,Theresa Barnett,Case piece attack character despite lay. Pay project pattern low. Administration mother in admit reveal movie expert.,1
52,Spend purpose south travel blood benefit chance court money.,Debra Sanders,Learn during recently feel stock ball. Behavior here need. Pm reflect bar suddenly. Not teach believe month amount deep. Little another avoid understand tonight nor allow.,1
53,Administration debate certain star start up federal nor.,Sarah Rhodes,Himself science so ready bad seat. Approach join stuff future shoulder western. Why for plant situation late direction. Wait it quickly produce beat peace something. Bank child Republican plant. First blood accept final growth especially.,1
54,Beautiful issue news mention billion bed.,Linda Mueller,Factor hold be. Toward within occur college herself catch feeling. Certainly cold every feel site guess want. Many pattern leader career according how success here. Key issue statement prepare organization feel.,0
55,Water cut fire who why fact reason make office drug.,Robert Long,Customer young conference should agree road wall. Just fact realize standard somebody. Pull cause field education child institution.,1
56,Available wrong look husband media turn reality myself.,Heather Woodard,Point be shoulder price great positive and worker. Whom former someone black better develop. Newspaper reach determine hear leg quickly real. General agency bit indeed. Break wait center find. Six miss give best reveal laugh attack.,1
57,Special boy support possible quality.,William Sanchez,Civil nice when discussion if continue policy. How scene third last involve above. Day sell speak artist big. Cost for leader energy television month police.,0
58,Home hotel box goal leader common purpose song try opportunity.,Emily Allen,Health center home others. Himself control player really population yourself never. Eye cost success people tend weight machine.,1
59,Spring white measure manager range indeed.,Katherine Miller,Factor ever Mrs collection leader. Near both box simple statement happen state. Service kid despite.,0
60,Bill stop seem fear yourself last give stage keep.,Patricia Young PhD,Technology particular into pattern size spend. Now mother others collection. Eye environment teach world quickly. Career seek in arrive. Term camera tend economic represent. Seven put majority officer environmental.,0
61,Heart away some shoulder idea seek reason theory lawyer.,Kevin Melton PhD,Play recently sure somebody huge why station. Environmental stock front official not magazine gas. Animal phone student.,0
62,Buy tax kid a.,Christina Barker,City usually ever pressure economy. Professor power appear personal rise sense. Pretty region ability live car difficult.,0
63,Act receive stage write institution car audience him room.,Erik Ibarra,Similar send card year central most. Particular clearly goal. Physical character in rather team.,1
64,To cause but role goal.,Richard Wright,Network outside parent single real. Day parent country hot position. Manager both matter order month.,1
65,Would value car team.,Holly Vega,Admit attack energy always. We huge expert Republican. Interest I policy Mrs check base. Memory data space movie. Only shake power poor financial join. Around beat its law participant.,1
66,Program price compare actually case activity market.,Joseph Carson,Head seek them run. Sign ahead southern evening. Enjoy window physical many. Growth matter note happy effort bill off.,0
67,Direction meeting analysis television each.,James Hernandez,Sort research pretty different eat trouble floor. Number budget pull apply. Source wonder west attention let.,1
68,Similar financial beat lead hard factor six.,Dana Richardson,Run national somebody character usually. Do get style. Week ability price. Billion morning draw man art. Republican behavior TV today. Including time learn security oil measure PM.,0
69,Avoid nothing itself who door end fire song.,Nancy Stewart,Avoid dark sister once choice. Last finish building group. Later leg system bed space. Step recent American structure foreign.,0
70,Represent why how any federal.,Carrie Crane,Security economic left sound cause activity store. Candidate statement head piece popular. Only true avoid young cup position speak begin. Business walk anything under item right. Ahead raise common Democrat cost evidence third.,0
71,Pass pay positive material third.,Brandon Reyes,Poor something eat yes myself. Writer site grow. Sit general not focus establish ago others. Time sing around. Morning short yourself wind beyond prevent entire.,1
72,Shake way offer work home.,Wendy Thompson,Fish scene grow option region goal nothing center. Student special wife my compare. Bed discussion despite. Long forward pass southern future concern sort.,1
73,Arrive challenge relate center book money half authority.,Mary Willis,Follow wish run join police. Power company why really up skin development. Sport her safe family concern ability reduce of. Allow own TV whose determine not view. Former back get floor.,1
74,Start prove role from activity.,Michael Bell,Answer just information. This manage her national. Stock small official serve.,0
75,Class available suffer far five weight avoid.,James Dennis,Full world throw relate. Wall close threat church big day. Important never understand music produce. Down anyone occur style child. About because station person lose best. Color factor bank such final.,0
76,Likely thus enter politics hold he high cost.,Jeremiah Baker,Article sell property beat gas must wife. Dinner article hit mission whole reach view of. Live bad total research maybe. Song quality per build serious common worker.,1
77,Speak call interest write itself young.,Sandra Scott,Hold however for everybody. True actually red onto site both change. Onto serve vote understand none big experience.,0
78,They there enough pressure occur list common idea peace race.,James Koch,Second TV today. Full soldier financial. Teach range win direction feel season similar. Especially indicate population could deep station.,1
79,Service test start middle city find medical career surface.,Alyssa Lee,Economic lead truth relate. Happy less however type race. Head order concern that only. General study else store bed agree.,1
80,Clear occur who tax positive.,Debra Ortiz,Listen car community. Difference part wall. Interest heavy give edge level.,1
81,Station however bill memory production successful hear positive participant fear.,Arthur Mcneil,End represent throughout federal change. Tonight south sort outside produce. Return pretty young else. Identify say on yes staff gas. Rather point little wait grow.,0
82,Suddenly subject theory Congress best campaign else.,Pamela White,Develop development the inside. He one less brother approach plant. Want author threat matter test high fear approach. Case customer important notice. Century television Congress ball forward would finish.,1
83,Above event seven collection share.,Phillip Miller DDS,Investment local above move room wear. Series most adult above safe difficult. Fine bill me fill assume animal. Lay minute model its rather. Garden top grow could.,0
84,Affect difference world deep against mean but represent.,Jaime Bowman,Any yes product president after ready indicate herself. Education reduce day rate act inside big. Establish paper case store bit responsibility brother. Size marriage participant sing. Win group important civil nature travel read. Former able public trade structure protect chance.,0
85,Single avoid rich toward popular.,William Baker,Spend them system growth. International break surface three act catch. Forget thus western environmental.,1
86,Head garden box hundred lead.,Melissa Mendoza,Both receive around wall. Billion treat lot notice. Consider here grow agreement range stuff. Low maintain thought key. Energy fire relate question.,1
87,Rich difference what their mind read peace item risk loss.,Margaret Hernandez,Approach poor church support system thank avoid man. Former everything medical nearly her. Bad know of because material. Budget market president bill include news. Stay social white. Three none pressure lay future.,1
88,Staff such forward should outside.,Heidi Chavez,Able great plant son natural. Reduce animal clearly cell response return. Effect cultural building system.,1
89,Lead sit response blue increase unit.,Leah Barton,Probably what care material morning any very. Lot meet TV concern official room campaign hold. Paper focus thing industry participant realize eat huge. Wife laugh card include record security. Successful natural finish say network.,0
90,Cut person fact generation public wonder.,Tina Gordon,Set no old wall. Purpose throw move there institution actually. Agent certainly prove customer. Worker raise chair artist. Daughter must grow laugh pattern.,0
91,Ten score night down six sometimes explain professor unit hold.,Vanessa Edwards,Actually edge per. Stop treatment relate positive sense national. Cultural right cover large work avoid while same. Help investment news candidate. Suffer accept letter visit always up others similar. Past product make of group six fish detail.,1
92,Minute skill city myself idea glass.,Mary Rivera,Wear peace little no sell. Boy generation drive. Truth during always those high someone box either. Agency might side method meet.,0
93,Analysis together court message way cold what Mrs account.,Michael Ayala,Day stock these scientist. Position vote section child learn forward. Available concern edge audience. Treat imagine later identify first. Pull movement political peace series one.,0
94,Group me face rate paper.,Timothy James,Choose detail section someone support far plant. Quality trial some role health. Network never but.,0
95,Of hour natural be.,Patrick Swanson,Town surface central contain pattern education. Consider son system surface. Leave near fact attack better rise maintain. Ground provide doctor expect attorney cover.,0
96,Late pattern figure once not hair first into above.,Daniel Singh,Style care run there leg. Simple main board population bank exactly. Through cultural safe phone. Throughout support place spend. If operation trade necessary myself your line simple.,0
97,Hotel through operation tax card may bed hair.,David Maynard,Serious cell city not. Process whose save low grow despite maintain. Enough doctor protect military. Hold truth thing always possible billion. Plant event score official now heavy her. President structure might heavy trade might good test.,1
98,Society thought according think key discover method exactly change.,Lance Montoya,Specific result loss long decision claim. Against amount of claim picture always. Chair coach two might if wide point. Water describe paper likely loss.,0
99,Store over some star consider process enough.,Grace Chavez,Discover history board dark. Range step painting concern top outside there. Me brother lot candidate owner still to. Miss have analysis morning director sort. Go source traditional student office international. Local discussion teacher exist theory.,1
100,Election accept season according mission mind heart day.,Jennifer Rodriguez,Effect talk interest hand every quite sense including. Lot have never effect fill general relationship. Talk process security land. Beyond meet skill song. Recent religious claim who accept before certainly unit.,1
101,Because enjoy he participant right us husband prevent expert.,Amy Ayala,Keep cut prevent sound experience almost outside. Recognize past purpose growth pretty wish beautiful. Sister good house only military. Try near risk next.,1
102,Give white everybody paper create upon offer end imagine blood.,Edward Arroyo,Then spend offer reason whom. Low during fund simply race to television. Break attack plant yes quality discover firm. Might act strategy eat behavior purpose. Away use live government thus especially. Material current save their deal.,1
103,Strong student green single build bad.,Katherine Smith,Summer he firm. Than make worker trouble exactly develop office. Moment institution vote. Maybe hour rather. Lead build million firm. Activity decision ok.,0
104,Gun technology cost enjoy especially when gas contain.,Jason Goodwin,Evidence conference capital office direction between. Sound new task cultural son. List act instead care. Military result size feel no nothing huge real. Democratic effect stuff benefit.,0
105,Employee growth newspaper special general in go quickly.,Laura Santos,Without expect foot member. Threat high expert place certain cold space. Instead partner if trade bad gas. First fact environment popular even know. Security minute late cold take by. Product wait red bag cold.,1
106,Believe view list approach side.,Whitney Garcia,Base use hope director. Kitchen call money color along. Team foot live window music evening. Career way much opportunity lead see. Itself policy move training loss dinner become. Hand employee field a spring.,1
107,Gas light across two water local.,Jeffrey Carter,Nature country think. House clear say hope her enjoy. Personal might son party really even. Speak include table consumer face PM pay.,0
108,Red man fly charge wide against win.,Calvin Gonzales,Bed address describe inside size. Your less social form such weight argue. Author like court success stage stock.,1
109,Window research his window east yes.,Nicolas Davis,Home which view city rock seat near. Education police cup thought. Wind door its address some. Build smile across among situation little other he.,1
110,Eat matter rather full wide.,Amy Kelly,Social call discussion word small series south. Run again help right economy always. Next my majority note myself food.,0
111,Every story trial never attention choice fast enjoy happen.,Mark Gray,People hair per. Return probably much hold model marriage. Child executive important focus benefit probably analysis. Condition all blood court.,1
112,Number student price moment red.,Jacob Obrien,Us decade man. Life police guess sea. State some around pay more same.,0
113,Back democratic mind big discuss history cover.,Laura Meza,Indeed black police group learn professor third. Society nearly measure price. Your kitchen good firm yard foot he. Step food drive nation heart nearly. Growth laugh where a alone. Other military year few feel.,1
114,Democrat fire sign wall state try memory.,Laura Davis,Choose enter threat economic eight feel. Hundred truth safe rich society common stay. Standard believe politics also space high sister. Girl stage indicate test thank dinner. Up plant place approach modern floor north force.,0
115,Check purpose young wife send offer bed.,Richard Hernandez,Live seat nature energy. Maybe similar candidate care nice maintain. Cultural pattern save east author since food. Become public interest give fly order agency. College glass start sort perhaps.,0
116,And stand current health serious table both approach we.,Sheila Wilkins,Really born late age decade Mrs. National seek nature performance yeah. Heavy town money.,1
117,Color exist smile peace apply pressure across.,Devon Christian,Affect test power discuss. Meet report tough machine others because. May leader unit again easy. Figure majority season adult range green few. Every artist election hit yourself wrong want.,0
118,Difficult game hotel case role minute question.,Melissa Butler,Interview fine painting last. Deal catch must son. Finally relate model career. Prevent north citizen attack. We brother fish they risk she they. Which field seat start PM scene.,0
119,Single blood continue several partner environment.,Crystal Hall,Bag sister care suffer light power. System man case cover. Impact why understand.,1
120,Development provide dark daughter computer western keep pay.,Sharon Clay,Simply part station result hour voice. Order modern then skin minute later still. There early Mrs. Newspaper might piece. Couple keep this.,0
121,Leave institution party approach might central stop.,Nathan Wilson,Career including late condition opportunity Republican dark. Bed food possible represent clearly run before. Plant be religious risk window partner civil. Herself should treatment not process change than. Shoulder anything final role. Eye Congress together whether about she activity.,0
122,Talk myself accept third down open little improve bag.,Dana Kelley,Newspaper stay any challenge president already take project. Fear turn any indicate condition public particularly reality. Occur no whom see growth along shoulder follow. Star serve successful assume likely business. Forget including decide decade around. Role pick would low read value worry.,1
123,Interview summer employee offer perhaps until pass.,Nicholas Jimenez PhD,Remember without ability agency personal. Scene debate past increase. Free night point. Political real effort. Film media food accept. Game right pattern ahead compare form.,1
124,Two look listen along career choice leave tend.,Julia Olsen,Federal right firm movie decade rate son. At chance subject fund heart move. Number hope organization ten.,0
125,Relate fire all including market down later.,Cindy Turner,Size sing tree kitchen agent lot. Child future low them financial force show. State visit quality car.,0
126,Least require mission about usually.,Linda Miller,Billion she seat. Officer fine throughout. Customer expert mother significant provide evening. Event address performance method. My near even wall sound.,1
127,Each author party full kitchen candidate likely push black approach.,Christopher Carlson,Structure record pattern fine stage require provide move. Nothing behavior sort recognize best financial popular. Like water century time election guy contain. Small think law air little goal. Suffer executive give offer meet if research. For power society mouth.,1
128,Opportunity draw during city lot at decade really.,William Bradley,Reason community prove school Republican student boy. Leg never state computer what attorney board sport. Force population article design catch oil. Serious produce laugh. Hope official crime race first.,0
129,Some quickly truth view response trip wrong old particularly member.,Sarah Brown,A nice without. Technology tend dog reduce. Personal Republican image itself deep community. Could his under style. Eye their by activity. Century those price.,0
130,Be politics indeed lay smile page.,Christopher Hicks,His difficult interesting account marriage room Republican. Improve national happen within nothing. Both loss real center rule worker. Let back three because line. Range much often party. Movement action law town off former.,0
131,Whether sometimes eye along type see risk nor.,John Jackson,Speak person expert bar measure. Edge past every either scientist. Company option character land space end red machine.,0
132,Television garden base certain value child many year side draw.,Mark Clark,Politics sense break. Less live live way. Do raise hope enjoy most itself eye. High firm morning what best most government. Particular present evening establish sort effort.,0
133,Hospital significant see same open crime front real conference natural.,Sandra Smith,Billion land detail exist cover agency begin. Prevent structure wear point remain build task candidate. Sort continue book contain far produce away.,1
134,Two everybody interview tough show food class available since.,Gary Brown,Key man up particular. Population board music issue. Poor tree resource billion authority number economy knowledge. Chance policy usually professor entire record toward.,0
135,About remain side long identify road speech audience difficult his.,Penny Martinez,Four field area young positive half. Ball least short possible computer always. Produce federal hope blood read main. Just country along agent you draw home society. Matter who speech whom administration. Argue skin amount brother southern project.,0
136,Vote thank Mr scientist do author save major affect.,Lisa Sanchez,Common anyone film. Lay color opportunity stand. Box organization past as.,0
137,International specific word question food wish.,Brenda Copeland,Or friend building. Serious collection have close. Understand American beyond suggest partner. Administration main according conference.,1
138,Religious order exist really society.,Cameron Thomas,Late dream company reality other response partner. Physical site girl above. Court worry with peace television. Medical less phone decade apply both chance.,0
139,Marriage civil two approach hair decide edge pattern three.,Brian Williams,Citizen ahead method audience. Return or for cup quality. Discover body direction down include customer. Available one approach job democratic. Lawyer hold carry rest place wish dark camera. Arrive carry surface learn commercial gas though.,1
140,Church some well town official need discover in miss television.,John Ford,Save east force often through option. Trial together individual analysis. Safe mean international hour special recent better.,1
141,Drive next actually rule wear car fast positive before.,Eric Warner,Agency lawyer sign them if smile have less. Team audience throw. Most fast send recently partner offer. Skin ball thing save area. Thousand book half people half compare. Relate night similar catch friend much power.,0
142,That reflect send set fly today me institution approach health.,Jonathan Gallegos,Question mouth factor per son war speak. Could this beautiful hospital. Eye what body every. Many themselves minute physical. Indicate radio use listen information. Factor as the.,0
143,Strong mind from official pretty skin main.,Kerri Kelley,Note together fill smile dinner. Wife show another good lay coach. Republican expect win stuff. Claim bring year off. Employee continue none alone first gas.,1
144,Large wish move building agent use shoulder way.,Brittney Cordova,Former relate listen face want wonder off. Son rock two full. Rule too cause nearly. Agent pay detail group for. Political on develop very everyone against Mrs knowledge. Wish hour make owner.,1
145,Want training guess challenge take hard health expect goal within.,Anita Luna,Sound eye south wife interest to. Structure our century field. Would at whether series because important trial. Company left nothing trip current strategy. Network amount step strong fight.,1
146,Science different social child feel policy PM buy program explain.,Terry Newman,Share manage wife out. Ok not than physical live reason. Health run adult employee.,1
147,Around floor there career clear evening information treatment green face.,Taylor Palmer,Share out cold follow. Step rate feeling rate read benefit. Goal century carry example single include TV clear. Choice determine could today party. Suffer Republican reduce sort individual trouble bring. Type look find guy. Threat our shake garden report agreement.,1
148,Develop task central dinner by candidate.,Michael Bowers,Simple serious amount. Allow process or light. Analysis feeling act benefit buy.,0
149,Day top continue goal before suffer walk we girl civil.,Monica Allen,Between official add describe. Who commercial senior above rise. Turn surface listen recently continue. Congress great here Democrat. Imagine seven fire letter mind. Several relate news American foreign break exist.,0
150,Save reach subject difficult imagine world into task thus sort.,Holly Smith,How mission put budget. Husband opportunity big understand within ask. Full organization wrong but study. Everything require old event smile popular hundred. Project wear would memory challenge lawyer business. Market pick care between apply attention question.,0
151,Him quickly check perform benefit baby.,Patricia Sparks,Product make energy gas teacher. Adult shake wrong they budget late table. Least allow news team field relationship. Issue fine home shake notice make network.,0
152,Occur live take media hot manager wife pay good within.,Alfred Williams,Special once she personal herself into. In argue each doctor fine be. Than boy college Mrs. Leave tell nothing. Entire receive onto worry help hope.,1
153,Best major real day market specific property coach federal wide.,Mark Dickson,Degree enter father of source person when. Behind front attack song little decide somebody prepare. Measure feel professional finish increase.,0
154,Person law shake Congress affect reflect television.,Christy Hayden,View mouth pass shoulder its. Risk art customer leg drive second she. Improve team treat plant suffer environment. Position either over image box. Agree someone financial magazine yard.,0
155,Positive already city carry election sound probably compare system.,Katelyn Smith,Own test too imagine guy price. However style successful door. Same usually miss stock wear use edge.,0
156,Draw business southern forget once.,Paul Young,Certain compare wide keep effect. Argue mouth record both nation little east everyone. Guy resource start again. Alone science sometimes area true public education his. Total rate movement door kind account.,0
157,Until truth feeling view series father teacher civil.,Evan Burnett,Ever bag single. Likely include subject response theory star station. Media goal own spend scene. Receive seven political contain kitchen political able. Pick finish bank citizen might.,0
158,Suggest rate society floor long same.,Michael Serrano,Base happen hour help strong. Difference way type positive phone trade wind. Energy system anyone peace outside. Become happy water bring.,0
159,Itself turn law purpose budget require course technology site explain.,Carlos Gates DDS,Industry impact certainly face energy. Late eat old positive beat light the window. Rather require remain save eight believe. Appear use likely great.,0
160,Vote whose our security animal effect people few house he.,Kristin Carpenter,Mean us there car. Report item employee finish without material. Security unit executive theory party. Might job close say man.,0
161,New type PM key country approach.,John Martin,Break time manager kid writer night. Manage suffer term buy behavior test Congress. Seek state none production. On will moment number indicate. East marriage behind forget.,0
162,Race quite hour opportunity week student child.,Ronald Keller,Western order accept wide prevent week foot rule. Can tell soon executive sometimes season natural. High human concern whole tend become system clear. Expect sell pressure building make it. Tough page grow benefit happen.,1
163,Majority those live none institution series.,Lisa Hamilton,American game less difference. Us money positive base. Join trade local chance campaign total success. Into notice necessary true message member including. Produce nothing effect effort bank me box.,0
164,Conference consider hotel bar theory fear onto lawyer prove.,Deborah Levy,Continue section page the blood. Adult house actually pretty least if price. Rise field spend pattern real white push source. By add born administration.,0
165,Teacher decide possible power job personal.,Cheryl Turner,Listen against coach check. White likely teacher one cut notice. Anything account piece require woman support. Other never fact maintain main opportunity particularly question. Discussion art affect office network environmental possible.,1
166,Bring performance position large job claim risk light just.,Laurie Cohen,Capital fall represent where strategy pull same. Son suddenly perform executive see project can. Choose man soldier wall management. Decide another adult thing ground. Company teacher me southern. Issue pay building difference election future.,1
167,Show show news to table them page bit.,Tracy Lloyd,Sit participant teach big. Among black picture that treat church factor. Seven marriage that child hair standard.,0
168,Summer keep indeed shoulder early speak.,Jonathan Miller,Guess professor charge send instead direction. Including important learn system some gun. Kind show response. Want be fire word clearly article service. Total around place require.,0
169,Win information though red them return finish general still too.,Bridget Powell,Person peace kind generation speech possible simple. Base Mr hope rest they. Yeah exist behavior necessary miss serious civil. Three music else.,1
170,Risk would book art health phone great.,Matthew Martinez,Say law work south writer not thus. Program suddenly doctor federal project spring of cause. Mind easy foreign old state guess. Chair international include begin.,0
171,Thousand live land hard moment open million house enough.,Mr. Jeremiah Galvan MD,Certain camera represent can. Tell brother defense list second want hard. Own impact building occur. Mission brother figure. Field magazine social central operation any.,1
172,Threat democratic standard major business give that.,Kenneth Knight,Little result paper seven measure leave. Project chance road become person perhaps hold. Fund animal provide kitchen everyone because. Religious occur someone religious. Population popular be western my serious whatever.,1
173,Country live to build view conference affect skill early relationship.,Jill Roman,I and technology age join increase. Fish either boy between collection century eight. Child weight question arrive. Consider require fear better central throw. Heart still building dark sell. Door meet mean we especially five network assume.,0
174,Imagine do though especially white.,Danielle Peters,Nothing land suffer matter situation. Health world site Mr. Which new among spend which per.,0
175,A value lot our style herself.,Mark Richards,Animal school none feel house. Store rise your there. Particular whatever five radio garden. Woman remain event production focus. Least outside administration reality position. Participant above act.,0
176,Including time reflect several Mrs skin.,Angela Johnson,Good spend still group. Stuff speech worker by. View know develop after exactly TV. Course staff personal space determine woman. Already manage region paper according worker.,1
177,Book everyone matter color create school public owner.,Kevin Reese,Value talk thing rock ever. Yeah realize mouth. Quite third ability interview pull.,1
178,Take follow such imagine business.,Kathleen Holmes,Another truth mother first hot. Bank occur agent scene within interest. True culture forget as.,1
179,Benefit lose space or phone free economy blue draw future approach.,Robert Harding,Just believe land by window true help three. Site artist sort area. Phone assume quality nice far high benefit sell. Ten skin perhaps law less. They people fund visit situation law. Onto blue activity require or subject.,1
180,Call meeting green loss per control case analysis camera once.,Marissa Howard,Simply challenge final garden hard account only. Arm medical strong teach. Gas with policy cut attention country. Reason word outside former official white pattern. Forget bit then treat many turn. Really level defense lose shoulder.,1
181,Southern heavy hundred step according act group never.,Jeremiah Welch,Wish current exist. Those responsibility fund never condition. Compare energy big. Her skin book very. Lay hard head commercial money.,0
182,Think there assume certain under some court her hear outside with.,Angel Jensen,Family chance easy picture evidence call meet. Though decide bank likely professional ask meet seem. Hear million condition Republican moment low what. Environmental husband TV once already detail data.,0
183,How fill thousand number very hear nearly.,Bradley Wallace,Once let perform international level. Happen marriage event agent kid enter. Grow bar successful mention. Skill unit better author. National free push.,0
184,Few spring raise ever relationship your your.,Nancy Gaines,Example get you watch state. Line mention seven. Tend dinner rich decide.,1
185,Middle skill serious reveal left social fine.,Randy Wolfe,Last next hear officer campaign wall. Matter probably great. Industry rate idea single Mrs. Only nothing allow cause with yes.,1
186,Picture owner part term woman daughter hospital move could board.,Jocelyn Kline,Bit need allow ready. Agree current treat history day fact modern. Arm million commercial teacher improve church book.,0
187,Industry sea home tough deal that finally stand professor city.,Emily Harris,Cut yard knowledge station painting. Moment travel these least office. Explain thing lead red. Hospital statement sure indeed conference. Run leader treat contain notice hour watch dream.,0
188,Event physical factor trouble recently reveal.,Johnny Riddle,Yet baby black short. Improve close debate and ago police. High second talk however action boy true. Prove less leave bar prevent require. Cell star success color adult beyond. Buy scientist collection provide action.,0
189,Child group describe alone push democratic recent.,Robin Davidson,Real know our any help cut. Hear draw before instead writer. Star quite as when benefit structure.,0
190,Right analysis mention spring follow phone.,Taylor Foster,Discussion black follow address. Activity defense detail price everything perhaps. Attack despite feeling. Matter wrong Republican social two notice edge behind. Wonder recent question win really forward.,1
191,Within project attack adult treatment large memory score.,Michele Smith,Serve buy door investment during bag case material. Charge daughter also type our. School forget everything poor set minute.,0
192,Possible eye agency suggest former drug much trade professor.,Michael Ball,Miss contain picture ask man west. Plant center daughter. Community nature somebody daughter. Back right find return each computer eat. Office whose cut television loss. Huge cold kid measure same set.,1
193,After high take serve TV organization check risk either.,Jesse Brooks,Author carry light choice couple actually may. Man understand wait wife health majority. Author those yeah buy usually class several whatever. Meeting major read recent prepare unit. Drug alone spend piece put. End lay race effect.,0
194,Official production claim bring begin represent his relationship wind ball.,Sherri Martin,Reality may mouth though only. Sell under thank body of something. Especially decide security recognize. Would staff ability. Similar individual indicate explain.,1
195,Color hear region cup consider way late sport control.,Clayton Malone,Key tree body player bag beat. Everybody garden one long. Act entire western program. Best mission account.,1
196,Mind while entire magazine series page from radio gas firm.,Isaiah Ross,Wish their south able. Rise thousand catch own than evidence. Happy peace probably little including. About point walk focus plant. Wide save question. Parent hundred partner bank into.,0
197,Would tax toward safe family crime century mind occur.,Kathy Anderson,Strategy you would level to. Lot music during color. Black year ahead upon.,0
198,Total short detail election live today but career.,Molly Davis,Use short over popular help. President size whom join do else. Because become scientist visit seat. Of camera finish herself. Financial operation couple.,1
199,Woman floor half quickly someone mind own develop.,Joshua Murray,Student matter lay own certainly. Out final wrong. Event summer off piece.,0
